product,views,video_url,image1,image2,image3
001,1100000,https://www.tiktok.com/@liletti_md/video/7388180206101761286,product-001-1.jpg,product-001-2.jpg,product-001-3.jpg
002,82400,https://www.tiktok.com/@liletti_md/video/7490821901195955511,product-002-1.jpg,product-002-2.jpg,product-002-3.jpg
003,80600,https://www.tiktok.com/@liletti_md/video/7645355836801387796,product-003-1.jpg,product-003-2.jpg,product-003-3.jpg
004,13400,https://www.tiktok.com/@liletti_md/video/7648671312658894100,product-004-1.jpg,product-004-2.jpg,product-004-3.jpg
005,12900,https://www.tiktok.com/@liletti_md/video/7649830353904995605,product-005-1.jpg,product-005-2.jpg,product-005-3.jpg
006,10700,https://www.tiktok.com/@liletti_md/video/7647235236442426645,product-006-1.jpg,product-006-2.jpg,product-006-3.jpg
007,8922,https://www.tiktok.com/@liletti_md/video/7646863777991838997,product-007-1.jpg,product-007-2.jpg,product-007-3.jpg
008,8878,https://www.tiktok.com/@liletti_md/video/7645023577175035157,product-008-1.jpg,product-008-2.jpg,product-008-3.jpg
009,8741,https://www.tiktok.com/@liletti_md/video/7644539985906912533,product-009-1.jpg,product-009-2.jpg,product-009-3.jpg
010,8106,https://www.tiktok.com/@liletti_md/video/7646850858482748692,product-010-1.jpg,product-010-2.jpg,product-010-3.jpg
011,8015,https://www.tiktok.com/@liletti_md/video/7647259104439962901,product-011-1.jpg,product-011-2.jpg,product-011-3.jpg
012,7466,https://www.tiktok.com/@liletti_md/video/7647958858073148693,product-012-1.jpg,product-012-2.jpg,product-012-3.jpg
013,7236,https://www.tiktok.com/@liletti_md/video/7644568425066532116,product-013-1.jpg,product-013-2.jpg,product-013-3.jpg
014,7186,https://www.tiktok.com/@liletti_md/video/7648328136295222549,product-014-1.jpg,product-014-2.jpg,product-014-3.jpg
015,6801,https://www.tiktok.com/@liletti_md/video/7648204839385582868,product-015-1.jpg,product-015-2.jpg,product-015-3.jpg
016,6051,https://www.tiktok.com/@liletti_md/video/7646110296678976789,product-016-1.jpg,product-016-2.jpg,product-016-3.jpg
017,5963,https://www.tiktok.com/@liletti_md/video/7646099681205865748,product-017-1.jpg,product-017-2.jpg,product-017-3.jpg
018,5779,https://www.tiktok.com/@liletti_md/video/7650802426009636117,product-018-1.jpg,product-018-2.jpg,product-018-3.jpg
019,5437,https://www.tiktok.com/@liletti_md/video/7648649817836637461,product-019-1.jpg,product-019-2.jpg,product-019-3.jpg
020,5286,https://www.tiktok.com/@liletti_md/video/7651197176772644117,product-020-1.jpg,product-020-2.jpg,product-020-3.jpg
021,5253,https://www.tiktok.com/@liletti_md/video/7644504875056876820,product-021-1.jpg,product-021-2.jpg,product-021-3.jpg
022,5214,https://www.tiktok.com/@liletti_md/video/7646889965434998037,product-022-1.jpg,product-022-2.jpg,product-022-3.jpg
023,4990,https://www.tiktok.com/@liletti_md/video/7647168554097200405,product-023-1.jpg,product-023-2.jpg,product-023-3.jpg
024,4882,https://www.tiktok.com/@liletti_md/video/7644913329747643668,product-024-1.jpg,product-024-2.jpg,product-024-3.jpg
025,4577,https://www.tiktok.com/@liletti_md/video/7647247495017368852,product-025-1.jpg,product-025-2.jpg,product-025-3.jpg
026,4453,https://www.tiktok.com/@liletti_md/video/7649840898586561813,product-026-1.jpg,product-026-2.jpg,product-026-3.jpg
027,4283,https://www.tiktok.com/@liletti_md/video/7650082341041360149,product-027-1.jpg,product-027-2.jpg,product-027-3.jpg
028,4106,https://www.tiktok.com/@liletti_md/video/7653576140056972564,product-028-1.jpg,product-028-2.jpg,product-028-3.jpg
029,4087,https://www.tiktok.com/@liletti_md/video/7650136595516935444,product-029-1.jpg,product-029-2.jpg,product-029-3.jpg
030,4019,https://www.tiktok.com/@liletti_md/video/7647600098880326932,product-030-1.jpg,product-030-2.jpg,product-030-3.jpg
031,3997,https://www.tiktok.com/@liletti_md/video/7647924707127495957,product-031-1.jpg,product-031-2.jpg,product-031-3.jpg
032,3853,https://www.tiktok.com/@liletti_md/video/7653918309892541717,product-032-1.jpg,product-032-2.jpg,product-032-3.jpg
033,3835,https://www.tiktok.com/@liletti_md/video/7648307445852523797,product-033-1.jpg,product-033-2.jpg,product-033-3.jpg
034,3798,https://www.tiktok.com/@liletti_md/video/7646478342639602964,product-034-1.jpg,product-034-2.jpg,product-034-3.jpg
035,3744,https://www.tiktok.com/@liletti_md/video/7644260670569155860,product-035-1.jpg,product-035-2.jpg,product-035-3.jpg
036,3700,https://www.tiktok.com/@liletti_md/video/7648520027640974612,product-036-1.jpg,product-036-2.jpg,product-036-3.jpg
037,3639,https://www.tiktok.com/@liletti_md/video/7653713474047970580,product-037-1.jpg,product-037-2.jpg,product-037-3.jpg
038,3508,https://www.tiktok.com/@liletti_md/video/7644638012516666645,product-038-1.jpg,product-038-2.jpg,product-038-3.jpg
039,3504,https://www.tiktok.com/@liletti_md/video/7647529139767037204,product-039-1.jpg,product-039-2.jpg,product-039-3.jpg
040,3454,https://www.tiktok.com/@liletti_md/video/7647225788865072404,product-040-1.jpg,product-040-2.jpg,product-040-3.jpg
041,3380,https://www.tiktok.com/@liletti_md/video/7647213321459879189,product-041-1.jpg,product-041-2.jpg,product-041-3.jpg
042,3323,https://www.tiktok.com/@liletti_md/video/7649463090160864533,product-042-1.jpg,product-042-2.jpg,product-042-3.jpg
043,3288,https://www.tiktok.com/@liletti_md/video/7647216196433054996,product-043-1.jpg,product-043-2.jpg,product-043-3.jpg
044,3282,https://www.tiktok.com/@liletti_md/video/7648585755979304213,product-044-1.jpg,product-044-2.jpg,product-044-3.jpg
045,3220,https://www.tiktok.com/@liletti_md/video/7646792496973942036,product-045-1.jpg,product-045-2.jpg,product-045-3.jpg
046,3113,https://www.tiktok.com/@liletti_md/video/7650967750055185685,product-046-1.jpg,product-046-2.jpg,product-046-3.jpg
047,3101,https://www.tiktok.com/@liletti_md/video/7647855924794854676,product-047-1.jpg,product-047-2.jpg,product-047-3.jpg
048,3100,https://www.tiktok.com/@liletti_md/video/7646494782356770069,product-048-1.jpg,product-048-2.jpg,product-048-3.jpg
049,3057,https://www.tiktok.com/@liletti_md/video/7651230762779315477,product-049-1.jpg,product-049-2.jpg,product-049-3.jpg
050,3052,https://www.tiktok.com/@liletti_md/video/7650570042916015381,product-050-1.jpg,product-050-2.jpg,product-050-3.jpg
051,3031,https://www.tiktok.com/@liletti_md/video/7649852663152135444,product-051-1.jpg,product-051-2.jpg,product-051-3.jpg
052,2954,https://www.tiktok.com/@liletti_md/video/7647218411973446932,product-052-1.jpg,product-052-2.jpg,product-052-3.jpg
053,2898,https://www.tiktok.com/@liletti_md/video/7652070865449880852,product-053-1.jpg,product-053-2.jpg,product-053-3.jpg
054,2887,https://www.tiktok.com/@liletti_md/video/7650756740375481621,product-054-1.jpg,product-054-2.jpg,product-054-3.jpg
055,2878,https://www.tiktok.com/@liletti_md/video/7646780415507827988,product-055-1.jpg,product-055-2.jpg,product-055-3.jpg
056,2844,https://www.tiktok.com/@liletti_md/video/7649348397140348180,product-056-1.jpg,product-056-2.jpg,product-056-3.jpg
057,2824,https://www.tiktok.com/@liletti_md/video/7647253815141403924,product-057-1.jpg,product-057-2.jpg,product-057-3.jpg
058,2790,https://www.tiktok.com/@liletti_md/video/7646424473331059989,product-058-1.jpg,product-058-2.jpg,product-058-3.jpg
059,2788,https://www.tiktok.com/@liletti_md/video/7652430735629962516,product-059-1.jpg,product-059-2.jpg,product-059-3.jpg
060,2785,https://www.tiktok.com/@liletti_md/video/7648367628683103508,product-060-1.jpg,product-060-2.jpg,product-060-3.jpg
061,2757,https://www.tiktok.com/@liletti_md/video/7646455702852029716,product-061-1.jpg,product-061-2.jpg,product-061-3.jpg
062,2731,https://www.tiktok.com/@liletti_md/video/7646882896309013780,product-062-1.jpg,product-062-2.jpg,product-062-3.jpg
063,2709,https://www.tiktok.com/@liletti_md/video/7644247356136836372,product-063-1.jpg,product-063-2.jpg,product-063-3.jpg
064,2708,https://www.tiktok.com/@liletti_md/video/7644442909600779540,product-064-1.jpg,product-064-2.jpg,product-064-3.jpg
065,2673,https://www.tiktok.com/@liletti_md/video/7651985342756588820,product-065-1.jpg,product-065-2.jpg,product-065-3.jpg
066,2647,https://www.tiktok.com/@liletti_md/video/7646501954385890580,product-066-1.jpg,product-066-2.jpg,product-066-3.jpg
067,2633,https://www.tiktok.com/@liletti_md/video/7650416773514235157,product-067-1.jpg,product-067-2.jpg,product-067-3.jpg
068,2548,https://www.tiktok.com/@liletti_md/video/7648600821898153236,product-068-1.jpg,product-068-2.jpg,product-068-3.jpg
069,2537,https://www.tiktok.com/@liletti_md/video/7648267254563491093,product-069-1.jpg,product-069-2.jpg,product-069-3.jpg
070,2493,https://www.tiktok.com/@liletti_md/video/7649770935477816597,product-070-1.jpg,product-070-2.jpg,product-070-3.jpg
071,2479,https://www.tiktok.com/@liletti_md/video/7654180389472259349,product-071-1.jpg,product-071-2.jpg,product-071-3.jpg
072,2441,https://www.tiktok.com/@liletti_md/video/7648173465253530901,product-072-1.jpg,product-072-2.jpg,product-072-3.jpg
073,2379,https://www.tiktok.com/@liletti_md/video/7649739589921295636,product-073-1.jpg,product-073-2.jpg,product-073-3.jpg
074,2346,https://www.tiktok.com/@liletti_md/video/7647155420355742997,product-074-1.jpg,product-074-2.jpg,product-074-3.jpg
075,2194,https://www.tiktok.com/@liletti_md/video/7647120287221255444,product-075-1.jpg,product-075-2.jpg,product-075-3.jpg
076,2193,https://www.tiktok.com/@liletti_md/video/7646471921105685781,product-076-1.jpg,product-076-2.jpg,product-076-3.jpg
077,2169,https://www.tiktok.com/@liletti_md/video/7653523357262040340,product-077-1.jpg,product-077-2.jpg,product-077-3.jpg
078,2148,https://www.tiktok.com/@liletti_md/video/7646724375965895957,product-078-1.jpg,product-078-2.jpg,product-078-3.jpg
079,2033,https://www.tiktok.com/@liletti_md/video/7653064721909763348,product-079-1.jpg,product-079-2.jpg,product-079-3.jpg
080,2022,https://www.tiktok.com/@liletti_md/video/7653879091489148181,product-080-1.jpg,product-080-2.jpg,product-080-3.jpg
081,2011,https://www.tiktok.com/@liletti_md/video/7646818040130145556,product-081-1.jpg,product-081-2.jpg,product-081-3.jpg
082,1972,https://www.tiktok.com/@liletti_md/video/7647201280183749908,product-082-1.jpg,product-082-2.jpg,product-082-3.jpg
083,1924,https://www.tiktok.com/@liletti_md/video/7647660511298931989,product-083-1.jpg,product-083-2.jpg,product-083-3.jpg
084,1914,https://www.tiktok.com/@liletti_md/video/7649723281443982613,product-084-1.jpg,product-084-2.jpg,product-084-3.jpg
085,1886,https://www.tiktok.com/@liletti_md/video/7646072847030291732,product-085-1.jpg,product-085-2.jpg,product-085-3.jpg
086,1857,https://www.tiktok.com/@liletti_md/video/7651300558283771157,product-086-1.jpg,product-086-2.jpg,product-086-3.jpg
087,1834,https://www.tiktok.com/@liletti_md/video/7651709097141751061,product-087-1.jpg,product-087-2.jpg,product-087-3.jpg
088,1807,https://www.tiktok.com/@liletti_md/video/7649373181467249941,product-088-1.jpg,product-088-2.jpg,product-088-3.jpg
089,1782,https://www.tiktok.com/@liletti_md/video/7653193082493570324,product-089-1.jpg,product-089-2.jpg,product-089-3.jpg
090,1728,https://www.tiktok.com/@liletti_md/video/7653340212369640725,product-090-1.jpg,product-090-2.jpg,product-090-3.jpg
091,1646,https://www.tiktok.com/@liletti_md/video/7648344110331415828,product-091-1.jpg,product-091-2.jpg,product-091-3.jpg
092,1599,https://www.tiktok.com/@liletti_md/video/7649805826546289940,product-092-1.jpg,product-092-2.jpg,product-092-3.jpg
093,1596,https://www.tiktok.com/@liletti_md/video/7650471705583832341,product-093-1.jpg,product-093-2.jpg,product-093-3.jpg
094,1552,https://www.tiktok.com/@liletti_md/video/7653435878706138389,product-094-1.jpg,product-094-2.jpg,product-094-3.jpg
095,1530,https://www.tiktok.com/@liletti_md/video/7653863932494417173,product-095-1.jpg,product-095-2.jpg,product-095-3.jpg
096,1520,https://www.tiktok.com/@liletti_md/video/7650184039034342676,product-096-1.jpg,product-096-2.jpg,product-096-3.jpg
097,1463,https://www.tiktok.com/@liletti_md/video/7653165768414170388,product-097-1.jpg,product-097-2.jpg,product-097-3.jpg
098,1425,https://www.tiktok.com/@liletti_md/video/7653425436877180180,product-098-1.jpg,product-098-2.jpg,product-098-3.jpg
099,1423,https://www.tiktok.com/@liletti_md/video/7652339731866340628,product-099-1.jpg,product-099-2.jpg,product-099-3.jpg
100,1255,https://www.tiktok.com/@liletti_md/video/7653554668580162836,product-100-1.jpg,product-100-2.jpg,product-100-3.jpg
101,1182,https://www.tiktok.com/@liletti_md/video/7649852483002584340,product-101-1.jpg,product-101-2.jpg,product-101-3.jpg
102,1113,https://www.tiktok.com/@liletti_md/video/7653830715712507156,product-102-1.jpg,product-102-2.jpg,product-102-3.jpg
103,1014,https://www.tiktok.com/@liletti_md/video/7653100767271800084,product-103-1.jpg,product-103-2.jpg,product-103-3.jpg
104,941,https://www.tiktok.com/@liletti_md/video/7653547148050435348,product-104-1.jpg,product-104-2.jpg,product-104-3.jpg
105,929,https://www.tiktok.com/@liletti_md/video/7653100429873827093,product-105-1.jpg,product-105-2.jpg,product-105-3.jpg
106,800,https://www.tiktok.com/@liletti_md/video/7654158850391624980,product-106-1.jpg,product-106-2.jpg,product-106-3.jpg
107,766,https://www.tiktok.com/@liletti_md/video/7653076946078780693,product-107-1.jpg,product-107-2.jpg,product-107-3.jpg
108,746,https://www.tiktok.com/@liletti_md/video/7653089380621470997,product-108-1.jpg,product-108-2.jpg,product-108-3.jpg
109,717,https://www.tiktok.com/@liletti_md/video/7654288343357934868,product-109-1.jpg,product-109-2.jpg,product-109-3.jpg
110,703,https://www.tiktok.com/@liletti_md/video/7653094946152533269,product-110-1.jpg,product-110-2.jpg,product-110-3.jpg
111,617,https://www.tiktok.com/@liletti_md/video/7653081855700241685,product-111-1.jpg,product-111-2.jpg,product-111-3.jpg
112,572,https://www.tiktok.com/@liletti_md/video/7654258439564070165,product-112-1.jpg,product-112-2.jpg,product-112-3.jpg
113,532,https://www.tiktok.com/@liletti_md/video/7654275548193066260,product-113-1.jpg,product-113-2.jpg,product-113-3.jpg